date,time,proto,src,dst,in,out,src_ip,src_port,dst_ip,dst_port,src_internal,dst_internal,nproto,anomaly
2024-11-22,19:39:03.407,TCP,192.168.1.21:443,192.168.1.33:42780,1382.0,0,192.168.1.21,443.0,192.168.1.33,42780.0,1,1,1,1
2024-11-22,19:39:03.406,TCP,192.168.1.33:42780,192.168.1.21:443,1547.0,0,192.168.1.33,42780.0,192.168.1.21,443.0,1,1,1,1
2024-11-22,19:39:02.302,TCP,142.44.198.191:6839,192.168.1.33:443,24.0,0,142.44.198.191,6839.0,192.168.1.33,443.0,0,1,1,1
2024-11-22,19:39:10.075,TCP,184.174.35.18:1001,192.168.1.33:25565,122.0,0,184.174.35.18,1001.0,192.168.1.33,25565.0,0,1,1,1
2024-11-22,19:39:10.075,TCP,192.168.1.33:25565,184.174.35.18:1001,252.0,0,192.168.1.33,25565.0,184.174.35.18,1001.0,1,0,1,1
2024-11-22,19:39:19.637,UDP,192.168.1.33:52880,185.125.190.58:123,48.0,0,192.168.1.33,52880.0,185.125.190.58,123.0,1,0,2,1
2024-11-22,19:39:01.846,TCP,192.168.1.33:80,142.44.198.191:58970,48.0,0,192.168.1.33,80.0,142.44.198.191,58970.0,1,0,1,1
2024-11-22,19:39:00.566,TCP,192.168.1.33:80,142.44.198.191:30315,48.0,0,192.168.1.33,80.0,142.44.198.191,30315.0,1,0,1,1
2024-11-22,19:39:13.110,TCP,192.168.1.33:443,142.44.198.191:9372,24.0,0,192.168.1.33,443.0,142.44.198.191,9372.0,1,0,1,1
2024-11-22,19:39:19.743,UDP,185.125.190.58:123,192.168.1.33:52880,48.0,0,185.125.190.58,123.0,192.168.1.33,52880.0,0,1,2,-1
2024-11-22,19:39:17.074,TCP,142.44.198.191:31924,192.168.1.33:443,24.0,0,142.44.198.191,31924.0,192.168.1.33,443.0,0,1,1,1
2024-11-22,19:39:17.561,TCP,142.44.198.191:21980,192.168.1.33:80,24.0,0,142.44.198.191,21980.0,192.168.1.33,80.0,0,1,1,1
2024-11-22,19:39:31.254,UDP,0.0.0.0:68,255.255.255.255:67,600.0,0,0.0.0.0,68.0,255.255.255.255,67.0,0,0,2,-1
2024-11-22,19:39:48.402,UDP,192.168.1.5:5353,224.0.0.251:5353,607.0,0,192.168.1.5,5353.0,224.0.0.251,5353.0,1,0,2,1
2024-11-22,19:39:36.653,UDP,192.168.1.7:5353,224.0.0.251:5353,79.0,0,192.168.1.7,5353.0,224.0.0.251,5353.0,1,0,2,1
2024-11-22,19:40:28.739,TCP,119.188.246.7:53296,192.168.1.33:80,24.0,0,119.188.246.7,53296.0,192.168.1.33,80.0,0,1,1,1
2024-11-22,19:39:57.060,UDP,192.168.1.8:55955,239.255.255.250:1900,684.0,0,192.168.1.8,55955.0,239.255.255.250,1900.0,1,0,2,1
2024-11-22,19:40:23.695,UDP,192.168.1.8:5353,224.0.0.251:5353,132.0,0,192.168.1.8,5353.0,224.0.0.251,5353.0,1,0,2,1
2024-11-22,19:39:16.221,UDP,192.168.1.8:57621,192.168.1.255:57621,132.0,0,192.168.1.8,57621.0,192.168.1.255,57621.0,1,1,2,-1
2024-11-22,19:39:26.253,TCP,119.188.240.8:24635,192.168.1.33:80,24.0,0,119.188.240.8,24635.0,192.168.1.33,80.0,0,1,1,1
2024-11-22,19:40:28.569,TCP,119.188.246.8:53296,192.168.1.33:80,24.0,0,119.188.246.8,53296.0,192.168.1.33,80.0,0,1,1,1
2024-11-22,19:39:22.261,IGMP,192.168.1.9:0,224.0.0.22:0,96.0,0,192.168.1.9,0.0,224.0.0.22,0.0,1,0,0,1
2024-11-22,19:39:22.266,UDP,192.168.1.9:5353,224.0.0.251:5353,24952.0,0,192.168.1.9,5353.0,224.0.0.251,5353.0,1,0,2,-1
2024-11-22,19:39:26.579,TCP,119.188.240.9:24635,192.168.1.33:80,24.0,0,119.188.240.9,24635.0,192.168.1.33,80.0,0,1,1,1
2024-11-22,19:39:57.071,UDP,192.168.1.10:50687,239.255.255.250:1900,684.0,0,192.168.1.10,50687.0,239.255.255.250,1900.0,1,0,2,1
2024-11-22,19:40:23.705,UDP,192.168.1.10:5353,224.0.0.251:5353,132.0,0,192.168.1.10,5353.0,224.0.0.251,5353.0,1,0,2,1
2024-11-22,19:40:28.345,TCP,120.220.44.11:53296,192.168.1.33:80,24.0,0,120.220.44.11,53296.0,192.168.1.33,80.0,0,1,1,1
2024-11-22,19:40:29.769,TCP,120.220.44.14:32796,192.168.1.33:80,24.0,0,120.220.44.14,32796.0,192.168.1.33,80.0,0,1,1,1
2024-11-22,19:39:52.905,UDP,192.168.1.16:5353,224.0.0.251:5353,262.0,0,192.168.1.16,5353.0,224.0.0.251,5353.0,1,0,2,1
2024-11-22,19:39:52.981,UDP,192.168.1.17:5353,224.0.0.251:5353,254.0,0,192.168.1.17,5353.0,224.0.0.251,5353.0,1,0,2,1
2024-11-22,19:40:28.249,TCP,119.188.246.20:53296,192.168.1.33:80,24.0,0,119.188.246.20,53296.0,192.168.1.33,80.0,0,1,1,1
2024-11-22,19:40:20.173,TCP,192.168.1.21:443,192.168.1.33:36354,1228.0,0,192.168.1.21,443.0,192.168.1.33,36354.0,1,1,1,1
2024-11-22,19:40:03.481,TCP,192.168.1.21:443,192.168.1.33:49156,2534.0,0,192.168.1.21,443.0,192.168.1.33,49156.0,1,1,1,1
2024-11-22,19:40:26.228,TCP,192.168.1.21:443,192.168.1.33:45574,2444.0,0,192.168.1.21,443.0,192.168.1.33,45574.0,1,1,1,1
2024-11-22,19:40:20.175,TCP,192.168.1.21:443,192.168.1.33:36368,1260.0,0,192.168.1.21,443.0,192.168.1.33,36368.0,1,1,1,1
2024-11-22,19:40:03.736,TCP,192.168.1.21:443,192.168.1.33:49168,17100.0,0,192.168.1.21,443.0,192.168.1.33,49168.0,1,1,1,1
2024-11-22,19:40:26.405,TCP,192.168.1.21:443,192.168.1.33:45586,3974.0,0,192.168.1.21,443.0,192.168.1.33,45586.0,1,1,1,1
2024-11-22,19:40:04.000,TCP,192.168.1.21:443,192.168.1.33:49174,1269.0,0,192.168.1.21,443.0,192.168.1.33,49174.0,1,1,1,1
2024-11-22,19:40:20.178,TCP,192.168.1.21:443,192.168.1.33:36378,1260.0,0,192.168.1.21,443.0,192.168.1.33,36378.0,1,1,1,1
2024-11-22,19:39:55.761,TCP,192.168.1.21:443,192.168.1.33:56866,1370.0,0,192.168.1.21,443.0,192.168.1.33,56866.0,1,1,1,1
2024-11-22,19:40:04.046,TCP,192.168.1.21:443,192.168.1.33:49188,1260.0,0,192.168.1.21,443.0,192.168.1.33,49188.0,1,1,1,1
2024-11-22,19:39:58.909,TCP,192.168.1.21:443,192.168.1.33:56868,1371.0,0,192.168.1.21,443.0,192.168.1.33,56868.0,1,1,1,1
2024-11-22,19:40:20.192,TCP,192.168.1.21:443,192.168.1.33:36394,1260.0,0,192.168.1.21,443.0,192.168.1.33,36394.0,1,1,1,1
2024-11-22,19:40:20.196,TCP,192.168.1.21:443,192.168.1.33:36396,1260.0,0,192.168.1.21,443.0,192.168.1.33,36396.0,1,1,1,1
2024-11-22,19:39:58.913,TCP,192.168.1.21:443,192.168.1.33:56880,1272.0,0,192.168.1.21,443.0,192.168.1.33,56880.0,1,1,1,1
2024-11-22,19:40:05.401,TCP,192.168.1.21:443,192.168.1.33:49204,1382.0,0,192.168.1.21,443.0,192.168.1.33,49204.0,1,1,1,1
2024-11-22,19:40:20.692,TCP,192.168.1.21:443,192.168.1.33:36410,2412.0,0,192.168.1.21,443.0,192.168.1.33,36410.0,1,1,1,1
2024-11-22,19:39:58.915,TCP,192.168.1.21:443,192.168.1.33:56896,1272.0,0,192.168.1.21,443.0,192.168.1.33,56896.0,1,1,1,1
2024-11-22,19:40:20.833,TCP,192.168.1.21:443,192.168.1.33:36418,27038.0,0,192.168.1.21,443.0,192.168.1.33,36418.0,1,1,1,1
2024-11-22,19:40:05.927,TCP,192.168.1.21:443,192.168.1.33:49220,2439.0,0,192.168.1.21,443.0,192.168.1.33,49220.0,1,1,1,1
2024-11-22,19:40:06.058,TCP,192.168.1.21:443,192.168.1.33:49226,13928.0,0,192.168.1.21,443.0,192.168.1.33,49226.0,1,1,1,1
2024-11-22,19:40:06.254,TCP,192.168.1.21:443,192.168.1.33:49230,1237.0,0,192.168.1.21,443.0,192.168.1.33,49230.0,1,1,1,1
2024-11-22,19:40:21.139,TCP,192.168.1.21:443,192.168.1.33:36432,3974.0,0,192.168.1.21,443.0,192.168.1.33,36432.0,1,1,1,1
2024-11-22,19:39:59.100,TCP,192.168.1.21:443,192.168.1.33:56912,1247.0,0,192.168.1.21,443.0,192.168.1.33,56912.0,1,1,1,1
2024-11-22,19:39:59.236,TCP,192.168.1.21:443,192.168.1.33:56918,1246.0,0,192.168.1.21,443.0,192.168.1.33,56918.0,1,1,1,1
2024-11-22,19:39:59.242,TCP,192.168.1.21:443,192.168.1.33:56920,1212.0,0,192.168.1.21,443.0,192.168.1.33,56920.0,1,1,1,1
2024-11-22,19:40:08.304,TCP,192.168.1.21:443,192.168.1.33:49242,2430.0,0,192.168.1.21,443.0,192.168.1.33,49242.0,1,1,1,1
2024-11-22,19:40:08.442,TCP,192.168.1.21:443,192.168.1.33:49248,68568.0,0,192.168.1.21,443.0,192.168.1.33,49248.0,1,1,1,-1
2024-11-22,19:39:59.388,TCP,192.168.1.21:443,192.168.1.33:56936,1180.0,0,192.168.1.21,443.0,192.168.1.33,56936.0,1,1,1,1
2024-11-22,19:40:08.877,TCP,192.168.1.21:443,192.168.1.33:49264,1269.0,0,192.168.1.21,443.0,192.168.1.33,49264.0,1,1,1,1
2024-11-22,19:40:00.179,TCP,192.168.1.21:443,192.168.1.33:56950,1212.0,0,192.168.1.21,443.0,192.168.1.33,56950.0,1,1,1,1
2024-11-22,19:40:11.465,TCP,192.168.1.21:443,192.168.1.33:49278,1260.0,0,192.168.1.21,443.0,192.168.1.33,49278.0,1,1,1,1
2024-11-22,19:40:11.869,TCP,192.168.1.21:443,192.168.1.33:49284,1228.0,0,192.168.1.21,443.0,192.168.1.33,49284.0,1,1,1,1
2024-11-22,19:40:11.996,TCP,192.168.1.21:443,192.168.1.33:49294,1260.0,0,192.168.1.21,443.0,192.168.1.33,49294.0,1,1,1,1
2024-11-22,19:40:12.207,TCP,192.168.1.21:443,192.168.1.33:49310,1228.0,0,192.168.1.21,443.0,192.168.1.33,49310.0,1,1,1,1
2024-11-22,19:39:33.399,TCP,192.168.1.21:443,192.168.1.33:42400,1275.0,0,192.168.1.21,443.0,192.168.1.33,42400.0,1,1,1,1
2024-11-22,19:39:33.401,TCP,192.168.1.21:443,192.168.1.33:42406,1150.0,0,192.168.1.21,443.0,192.168.1.33,42406.0,1,1,1,1
2024-11-22,19:40:22.625,TCP,192.168.1.21:443,192.168.1.33:45484,2443.0,0,192.168.1.21,443.0,192.168.1.33,45484.0,1,1,1,1
2024-11-22,19:40:22.763,TCP,192.168.1.21:443,192.168.1.33:45488,6934.0,0,192.168.1.21,443.0,192.168.1.33,45488.0,1,1,1,1
2024-11-22,19:40:02.898,TCP,192.168.1.21:443,192.168.1.33:49076,7315.0,0,192.168.1.21,443.0,192.168.1.33,49076.0,1,1,1,1
2024-11-22,19:40:22.950,TCP,192.168.1.21:443,192.168.1.33:45502,1269.0,0,192.168.1.21,443.0,192.168.1.33,45502.0,1,1,1,1
2024-11-22,19:40:02.910,TCP,192.168.1.21:443,192.168.1.33:49088,2222.0,0,192.168.1.21,443.0,192.168.1.33,49088.0,1,1,1,1
2024-11-22,19:40:02.957,TCP,192.168.1.21:443,192.168.1.33:49096,1228.0,0,192.168.1.21,443.0,192.168.1.33,49096.0,1,1,1,1
2024-11-22,19:40:22.998,TCP,192.168.1.21:443,192.168.1.33:45516,48329.0,0,192.168.1.21,443.0,192.168.1.33,45516.0,1,1,1,1
2024-11-22,19:40:02.958,TCP,192.168.1.21:443,192.168.1.33:49106,1260.0,0,192.168.1.21,443.0,192.168.1.33,49106.0,1,1,1,1
2024-11-22,19:40:22.999,TCP,192.168.1.21:443,192.168.1.33:45526,1260.0,0,192.168.1.21,443.0,192.168.1.33,45526.0,1,1,1,1
2024-11-22,19:39:25.762,TCP,192.168.1.21:443,192.168.1.33:40154,1370.0,0,192.168.1.21,443.0,192.168.1.33,40154.0,1,1,1,1
2024-11-22,19:40:02.960,TCP,192.168.1.21:443,192.168.1.33:49118,1228.0,0,192.168.1.21,443.0,192.168.1.33,49118.0,1,1,1,1
2024-11-22,19:40:23.006,TCP,192.168.1.21:443,192.168.1.33:45536,1260.0,0,192.168.1.21,443.0,192.168.1.33,45536.0,1,1,1,1
2024-11-22,19:40:02.970,TCP,192.168.1.21:443,192.168.1.33:49120,1228.0,0,192.168.1.21,443.0,192.168.1.33,49120.0,1,1,1,1
2024-11-22,19:40:25.711,TCP,192.168.1.21:443,192.168.1.33:45538,1228.0,0,192.168.1.21,443.0,192.168.1.33,45538.0,1,1,1,1
2024-11-22,19:40:16.337,TCP,192.168.1.21:443,192.168.1.33:36332,2436.0,0,192.168.1.21,443.0,192.168.1.33,36332.0,1,1,1,1
2024-11-22,19:40:02.978,TCP,192.168.1.21:443,192.168.1.33:49132,1260.0,0,192.168.1.21,443.0,192.168.1.33,49132.0,1,1,1,1
2024-11-22,19:40:25.732,TCP,192.168.1.21:443,192.168.1.33:45554,1260.0,0,192.168.1.21,443.0,192.168.1.33,45554.0,1,1,1,1
2024-11-22,19:40:25.758,TCP,192.168.1.21:443,192.168.1.33:45560,1338.0,0,192.168.1.21,443.0,192.168.1.33,45560.0,1,1,1,1
2024-11-22,19:40:02.982,TCP,192.168.1.21:443,192.168.1.33:49144,1228.0,0,192.168.1.21,443.0,192.168.1.33,49144.0,1,1,1,1
2024-11-22,19:40:16.546,TCP,192.168.1.21:443,192.168.1.33:36346,29399.0,0,192.168.1.21,443.0,192.168.1.33,36346.0,1,1,1,1
2024-11-22,19:40:16.840,TCP,192.168.1.21:443,192.168.1.33:36350,1237.0,0,192.168.1.21,443.0,192.168.1.33,36350.0,1,1,1,1
2024-11-22,19:39:01.647,UDP,192.168.1.21:53848,239.255.255.250:1900,909.0,0,192.168.1.21,53848.0,239.255.255.250,1900.0,1,0,2,1
2024-11-22,19:38:58.699,UDP,192.168.1.21:43780,192.168.1.255:32412,399.0,0,192.168.1.21,43780.0,192.168.1.255,32412.0,1,1,2,1
2024-11-22,19:38:58.699,UDP,192.168.1.21:50367,192.168.1.255:32414,399.0,0,192.168.1.21,50367.0,192.168.1.255,32414.0,1,1,2,1
2024-11-22,19:39:26.158,TCP,119.188.240.22:24635,192.168.1.33:80,24.0,0,119.188.240.22,24635.0,192.168.1.33,80.0,0,1,1,1
2024-11-22,19:40:29.532,TCP,119.188.247.27:32796,192.168.1.33:80,24.0,0,119.188.247.27,32796.0,192.168.1.33,80.0,0,1,1,1
2024-11-22,19:39:23.077,TCP,193.25.217.28:55270,192.168.1.33:25565,299.0,0,193.25.217.28,55270.0,192.168.1.33,25565.0,0,1,1,1
2024-11-22,19:40:28.739,TCP,192.168.1.33:80,119.188.246.7:53296,48.0,0,192.168.1.33,80.0,119.188.246.7,53296.0,1,0,1,1
2024-11-22,19:39:26.253,TCP,192.168.1.33:80,119.188.240.8:24635,144.0,0,192.168.1.33,80.0,119.188.240.8,24635.0,1,0,1,1
2024-11-22,19:40:28.569,TCP,192.168.1.33:80,119.188.246.8:53296,48.0,0,192.168.1.33,80.0,119.188.246.8,53296.0,1,0,1,1
2024-11-22,19:39:26.579,TCP,192.168.1.33:80,119.188.240.9:24635,144.0,0,192.168.1.33,80.0,119.188.240.9,24635.0,1,0,1,1
2024-11-22,19:40:28.345,TCP,192.168.1.33:80,120.220.44.11:53296,48.0,0,192.168.1.33,80.0,120.220.44.11,53296.0,1,0,1,1
2024-11-22,19:40:29.769,TCP,192.168.1.33:80,120.220.44.14:32796,24.0,0,192.168.1.33,80.0,120.220.44.14,32796.0,1,0,1,1
2024-11-22,19:40:28.249,TCP,192.168.1.33:80,119.188.246.20:53296,48.0,0,192.168.1.33,80.0,119.188.246.20,53296.0,1,0,1,1
2024-11-22,19:40:20.172,TCP,192.168.1.33:36354,192.168.1.21:443,1313.0,0,192.168.1.33,36354.0,192.168.1.21,443.0,1,1,1,1
2024-11-22,19:40:03.480,TCP,192.168.1.33:49156,192.168.1.21:443,2652.0,0,192.168.1.33,49156.0,192.168.1.21,443.0,1,1,1,1
2024-11-22,19:40:26.228,TCP,192.168.1.33:45574,192.168.1.21:443,2655.0,0,192.168.1.33,45574.0,192.168.1.21,443.0,1,1,1,1
2024-11-22,19:40:20.175,TCP,192.168.1.33:36368,192.168.1.21:443,1312.0,0,192.168.1.33,36368.0,192.168.1.21,443.0,1,1,1,1
2024-11-22,19:40:03.736,TCP,192.168.1.33:49168,192.168.1.21:443,2960.0,0,192.168.1.33,49168.0,192.168.1.21,443.0,1,1,1,1
2024-11-22,19:40:26.405,TCP,192.168.1.33:45586,192.168.1.21:443,1273.0,0,192.168.1.33,45586.0,192.168.1.21,443.0,1,1,1,1
2024-11-22,19:40:04.000,TCP,192.168.1.33:49174,192.168.1.21:443,1270.0,0,192.168.1.33,49174.0,192.168.1.21,443.0,1,1,1,1
2024-11-22,19:40:20.178,TCP,192.168.1.33:36378,192.168.1.21:443,1320.0,0,192.168.1.33,36378.0,192.168.1.21,443.0,1,1,1,1
2024-11-22,19:39:55.760,TCP,192.168.1.33:56866,192.168.1.21:443,1538.0,0,192.168.1.33,56866.0,192.168.1.21,443.0,1,1,1,1
2024-11-22,19:40:04.046,TCP,192.168.1.33:49188,192.168.1.21:443,1302.0,0,192.168.1.33,49188.0,192.168.1.21,443.0,1,1,1,1
2024-11-22,19:39:58.908,TCP,192.168.1.33:56868,192.168.1.21:443,1515.0,0,192.168.1.33,56868.0,192.168.1.21,443.0,1,1,1,1
2024-11-22,19:40:20.192,TCP,192.168.1.33:36394,192.168.1.21:443,1323.0,0,192.168.1.33,36394.0,192.168.1.21,443.0,1,1,1,1
2024-11-22,19:40:20.196,TCP,192.168.1.33:36396,192.168.1.21:443,1308.0,0,192.168.1.33,36396.0,192.168.1.21,443.0,1,1,1,1
2024-11-22,19:39:58.913,TCP,192.168.1.33:56880,192.168.1.21:443,1998.0,0,192.168.1.33,56880.0,192.168.1.21,443.0,1,1,1,1
2024-11-22,19:40:05.401,TCP,192.168.1.33:49204,192.168.1.21:443,1547.0,0,192.168.1.33,49204.0,192.168.1.21,443.0,1,1,1,1
2024-11-22,19:40:20.692,TCP,192.168.1.33:36410,192.168.1.21:443,2655.0,0,192.168.1.33,36410.0,192.168.1.21,443.0,1,1,1,1
2024-11-22,19:39:58.915,TCP,192.168.1.33:56896,192.168.1.21:443,1806.0,0,192.168.1.33,56896.0,192.168.1.21,443.0,1,1,1,1
2024-11-22,19:40:20.833,TCP,192.168.1.33:36418,192.168.1.21:443,2995.0,0,192.168.1.33,36418.0,192.168.1.21,443.0,1,1,1,1
2024-11-22,19:40:05.927,TCP,192.168.1.33:49220,192.168.1.21:443,2647.0,0,192.168.1.33,49220.0,192.168.1.21,443.0,1,1,1,1
2024-11-22,19:40:06.058,TCP,192.168.1.33:49226,192.168.1.21:443,2955.0,0,192.168.1.33,49226.0,192.168.1.21,443.0,1,1,1,1
2024-11-22,19:40:06.254,TCP,192.168.1.33:49230,192.168.1.21:443,1263.0,0,192.168.1.33,49230.0,192.168.1.21,443.0,1,1,1,1
2024-11-22,19:40:21.139,TCP,192.168.1.33:36432,192.168.1.21:443,1273.0,0,192.168.1.33,36432.0,192.168.1.21,443.0,1,1,1,1
2024-11-22,19:39:59.099,TCP,192.168.1.33:56912,192.168.1.21:443,1523.0,0,192.168.1.33,56912.0,192.168.1.21,443.0,1,1,1,1
2024-11-22,19:39:59.236,TCP,192.168.1.33:56918,192.168.1.21:443,1586.0,0,192.168.1.33,56918.0,192.168.1.21,443.0,1,1,1,1
2024-11-22,19:39:59.242,TCP,192.168.1.33:56920,192.168.1.21:443,1806.0,0,192.168.1.33,56920.0,192.168.1.21,443.0,1,1,1,1
2024-11-22,19:40:08.303,TCP,192.168.1.33:49242,192.168.1.21:443,2639.0,0,192.168.1.33,49242.0,192.168.1.21,443.0,1,1,1,1
2024-11-22,19:40:08.442,TCP,192.168.1.33:49248,192.168.1.21:443,3011.0,0,192.168.1.33,49248.0,192.168.1.21,443.0,1,1,1,1
2024-11-22,19:39:59.388,TCP,192.168.1.33:56936,192.168.1.21:443,1998.0,0,192.168.1.33,56936.0,192.168.1.21,443.0,1,1,1,1
2024-11-22,19:40:08.877,TCP,192.168.1.33:49264,192.168.1.21:443,1253.0,0,192.168.1.33,49264.0,192.168.1.21,443.0,1,1,1,1
2024-11-22,19:40:00.179,TCP,192.168.1.33:56950,192.168.1.21:443,1998.0,0,192.168.1.33,56950.0,192.168.1.21,443.0,1,1,1,1
2024-11-22,19:40:11.465,TCP,192.168.1.33:49278,192.168.1.21:443,1298.0,0,192.168.1.33,49278.0,192.168.1.21,443.0,1,1,1,1
2024-11-22,19:40:11.869,TCP,192.168.1.33:49284,192.168.1.21:443,1298.0,0,192.168.1.33,49284.0,192.168.1.21,443.0,1,1,1,1
2024-11-22,19:40:11.996,TCP,192.168.1.33:49294,192.168.1.21:443,1296.0,0,192.168.1.33,49294.0,192.168.1.21,443.0,1,1,1,1
2024-11-22,19:40:12.206,TCP,192.168.1.33:49310,192.168.1.21:443,1293.0,0,192.168.1.33,49310.0,192.168.1.21,443.0,1,1,1,1
2024-11-22,19:39:33.399,TCP,192.168.1.33:42400,192.168.1.21:443,1411.0,0,192.168.1.33,42400.0,192.168.1.21,443.0,1,1,1,1
2024-11-22,19:39:33.401,TCP,192.168.1.33:42406,192.168.1.21:443,1466.0,0,192.168.1.33,42406.0,192.168.1.21,443.0,1,1,1,1
2024-11-22,19:40:22.625,TCP,192.168.1.33:45484,192.168.1.21:443,2660.0,0,192.168.1.33,45484.0,192.168.1.21,443.0,1,1,1,1
2024-11-22,19:40:22.763,TCP,192.168.1.33:45488,192.168.1.21:443,2936.0,0,192.168.1.33,45488.0,192.168.1.21,443.0,1,1,1,1
2024-11-22,19:40:02.898,TCP,192.168.1.33:49076,192.168.1.21:443,1214.0,0,192.168.1.33,49076.0,192.168.1.21,443.0,1,1,1,1
2024-11-22,19:40:22.950,TCP,192.168.1.33:45502,192.168.1.21:443,1280.0,0,192.168.1.33,45502.0,192.168.1.21,443.0,1,1,1,1
2024-11-22,19:40:02.909,TCP,192.168.1.33:49088,192.168.1.21:443,899.0,0,192.168.1.33,49088.0,192.168.1.21,443.0,1,1,1,1
2024-11-22,19:40:02.957,TCP,192.168.1.33:49096,192.168.1.21:443,1320.0,0,192.168.1.33,49096.0,192.168.1.21,443.0,1,1,1,1
2024-11-22,19:40:22.998,TCP,192.168.1.33:45516,192.168.1.21:443,1377.0,0,192.168.1.33,45516.0,192.168.1.21,443.0,1,1,1,1
2024-11-22,19:40:02.958,TCP,192.168.1.33:49106,192.168.1.21:443,1310.0,0,192.168.1.33,49106.0,192.168.1.21,443.0,1,1,1,1
2024-11-22,19:40:22.999,TCP,192.168.1.33:45526,192.168.1.21:443,1316.0,0,192.168.1.33,45526.0,192.168.1.21,443.0,1,1,1,1
2024-11-22,19:39:25.762,TCP,192.168.1.33:40154,192.168.1.21:443,1538.0,0,192.168.1.33,40154.0,192.168.1.21,443.0,1,1,1,1
2024-11-22,19:40:02.959,TCP,192.168.1.33:49118,192.168.1.21:443,1376.0,0,192.168.1.33,49118.0,192.168.1.21,443.0,1,1,1,1
2024-11-22,19:40:23.006,TCP,192.168.1.33:45536,192.168.1.21:443,1311.0,0,192.168.1.33,45536.0,192.168.1.21,443.0,1,1,1,1
2024-11-22,19:40:02.969,TCP,192.168.1.33:49120,192.168.1.21:443,1300.0,0,192.168.1.33,49120.0,192.168.1.21,443.0,1,1,1,1
2024-11-22,19:40:25.711,TCP,192.168.1.33:45538,192.168.1.21:443,1312.0,0,192.168.1.33,45538.0,192.168.1.21,443.0,1,1,1,1
2024-11-22,19:40:16.337,TCP,192.168.1.33:36332,192.168.1.21:443,2647.0,0,192.168.1.33,36332.0,192.168.1.21,443.0,1,1,1,1
2024-11-22,19:40:02.977,TCP,192.168.1.33:49132,192.168.1.21:443,1305.0,0,192.168.1.33,49132.0,192.168.1.21,443.0,1,1,1,1
2024-11-22,19:40:25.732,TCP,192.168.1.33:45554,192.168.1.21:443,1313.0,0,192.168.1.33,45554.0,192.168.1.21,443.0,1,1,1,1
2024-11-22,19:40:25.757,TCP,192.168.1.33:45560,192.168.1.21:443,1538.0,0,192.168.1.33,45560.0,192.168.1.21,443.0,1,1,1,1
2024-11-22,19:40:02.982,TCP,192.168.1.33:49144,192.168.1.21:443,1345.0,0,192.168.1.33,49144.0,192.168.1.21,443.0,1,1,1,1
2024-11-22,19:40:16.546,TCP,192.168.1.33:36346,192.168.1.21:443,2987.0,0,192.168.1.33,36346.0,192.168.1.21,443.0,1,1,1,1
2024-11-22,19:40:16.840,TCP,192.168.1.33:36350,192.168.1.21:443,1263.0,0,192.168.1.33,36350.0,192.168.1.21,443.0,1,1,1,1
2024-11-22,19:39:26.158,TCP,192.168.1.33:80,119.188.240.22:24635,144.0,0,192.168.1.33,80.0,119.188.240.22,24635.0,1,0,1,1
2024-11-22,19:40:29.532,TCP,192.168.1.33:80,119.188.247.27:32796,24.0,0,192.168.1.33,80.0,119.188.247.27,32796.0,1,0,1,1
2024-11-22,19:39:23.077,TCP,192.168.1.33:25565,193.25.217.28:55270,406.0,0,192.168.1.33,25565.0,193.25.217.28,55270.0,1,0,1,1
2024-11-22,19:40:28.634,TCP,192.168.1.33:80,119.188.246.33:53296,48.0,0,192.168.1.33,80.0,119.188.246.33,53296.0,1,0,1,1
2024-11-22,19:39:08.303,TCP,192.168.1.33:43534,192.168.1.49:5044,9291.0,0,192.168.1.33,43534.0,192.168.1.49,5044.0,1,1,1,1
2024-11-22,19:40:29.832,TCP,192.168.1.33:80,119.188.246.60:32796,24.0,0,192.168.1.33,80.0,119.188.246.60,32796.0,1,0,1,1
2024-11-22,19:40:29.173,TCP,192.168.1.33:80,119.188.246.72:32796,48.0,0,192.168.1.33,80.0,119.188.246.72,32796.0,1,0,1,1
2024-11-22,19:39:26.722,TCP,192.168.1.33:80,119.188.240.74:24635,144.0,0,192.168.1.33,80.0,119.188.240.74,24635.0,1,0,1,1
2024-11-22,19:40:29.488,TCP,192.168.1.33:80,119.188.247.74:32796,24.0,0,192.168.1.33,80.0,119.188.247.74,32796.0,1,0,1,1
2024-11-22,19:39:27.021,TCP,192.168.1.33:80,119.188.245.80:10527,144.0,0,192.168.1.33,80.0,119.188.245.80,10527.0,1,0,1,1
2024-11-22,19:39:26.435,TCP,192.168.1.33:80,119.188.245.86:24635,144.0,0,192.168.1.33,80.0,119.188.245.86,24635.0,1,0,1,1
2024-11-22,19:39:03.401,TCP,192.168.1.33:443,73.103.84.90:58184,6078.0,0,192.168.1.33,443.0,73.103.84.90,58184.0,1,0,1,1
2024-11-22,19:39:33.398,TCP,192.168.1.33:443,73.103.84.90:58193,767.0,0,192.168.1.33,443.0,73.103.84.90,58193.0,1,0,1,1
2024-11-22,19:40:28.933,TCP,192.168.1.33:80,119.188.247.103:53296,48.0,0,192.168.1.33,80.0,119.188.247.103,53296.0,1,0,1,1
2024-11-22,19:40:28.832,TCP,192.168.1.33:80,119.188.247.128:53296,48.0,0,192.168.1.33,80.0,119.188.247.128,53296.0,1,0,1,1
2024-11-22,19:39:26.522,TCP,192.168.1.33:80,119.188.240.129:24635,144.0,0,192.168.1.33,80.0,119.188.240.129,24635.0,1,0,1,1
2024-11-22,19:40:28.281,TCP,192.168.1.33:80,119.188.246.133:53296,48.0,0,192.168.1.33,80.0,119.188.246.133,53296.0,1,0,1,1
2024-11-22,19:40:27.904,TCP,192.168.1.33:80,119.188.247.142:28381,48.0,0,192.168.1.33,80.0,119.188.247.142,28381.0,1,0,1,1
2024-11-22,19:39:06.730,TCP,192.168.1.33:80,52.232.75.158:53,192.0,0,192.168.1.33,80.0,52.232.75.158,53.0,1,0,1,1
2024-11-22,19:39:19.389,TCP,192.168.1.33:25565,84.239.16.162:47406,624.0,0,192.168.1.33,25565.0,84.239.16.162,47406.0,1,0,1,1
2024-11-22,19:39:05.662,TCP,192.168.1.33:25565,176.124.204.168:61000,112.0,0,192.168.1.33,25565.0,176.124.204.168,61000.0,1,0,1,1
2024-11-22,19:39:58.762,TCP,192.168.1.33:443,89.187.183.178:4954,9734.0,0,192.168.1.33,443.0,89.187.183.178,4954.0,1,0,1,1
2024-11-22,19:40:02.824,TCP,192.168.1.33:443,89.187.183.178:4960,5644.0,0,192.168.1.33,443.0,89.187.183.178,4960.0,1,0,1,1
2024-11-22,19:40:02.831,TCP,192.168.1.33:443,89.187.183.178:4966,12766.0,0,192.168.1.33,443.0,89.187.183.178,4966.0,1,0,1,1
2024-11-22,19:40:02.884,TCP,192.168.1.33:443,89.187.183.178:4968,48233.0,0,192.168.1.33,443.0,89.187.183.178,4968.0,1,0,1,1
2024-11-22,19:40:02.894,TCP,192.168.1.33:443,89.187.183.178:4984,4877.0,0,192.168.1.33,443.0,89.187.183.178,4984.0,1,0,1,1
2024-11-22,19:40:02.897,TCP,192.168.1.33:443,89.187.183.178:4998,13384.0,0,192.168.1.33,443.0,89.187.183.178,4998.0,1,0,1,1
2024-11-22,19:40:02.904,TCP,192.168.1.33:443,89.187.183.178:5012,146072.0,0,192.168.1.33,443.0,89.187.183.178,5012.0,1,0,1,-1
2024-11-22,19:40:02.913,TCP,192.168.1.33:443,89.187.183.178:5028,4845.0,0,192.168.1.33,443.0,89.187.183.178,5028.0,1,0,1,1
2024-11-22,19:40:02.917,TCP,192.168.1.33:443,89.187.183.178:5040,4813.0,0,192.168.1.33,443.0,89.187.183.178,5040.0,1,0,1,1
2024-11-22,19:40:03.414,TCP,192.168.1.33:443,89.187.183.178:5046,55630.0,0,192.168.1.33,443.0,89.187.183.178,5046.0,1,0,1,1
2024-11-22,19:39:46.935,TCP,192.168.1.33:443,89.187.183.178:19706,2.2,0,192.168.1.33,443.0,89.187.183.178,19706.0,1,0,1,1
2024-11-22,19:39:26.788,TCP,192.168.1.33:80,119.188.245.179:24635,144.0,0,192.168.1.33,80.0,119.188.245.179,24635.0,1,0,1,1
2024-11-22,19:40:28.286,TCP,192.168.1.33:80,119.188.247.190:53296,48.0,0,192.168.1.33,80.0,119.188.247.190,53296.0,1,0,1,1
2024-11-22,19:40:06.000,TCP,192.168.1.33:80,142.44.198.191:61471,120.0,0,192.168.1.33,80.0,142.44.198.191,61471.0,1,0,1,1
2024-11-22,19:39:58.640,TCP,192.168.1.33:80,142.44.198.191:54337,144.0,0,192.168.1.33,80.0,142.44.198.191,54337.0,1,0,1,1
2024-11-22,19:40:15.651,TCP,192.168.1.33:80,142.44.198.191:32873,96.0,0,192.168.1.33,80.0,142.44.198.191,32873.0,1,0,1,1
2024-11-22,19:39:28.899,TCP,192.168.1.33:80,142.44.198.191:11385,144.0,0,192.168.1.33,80.0,142.44.198.191,11385.0,1,0,1,1
2024-11-22,19:39:17.561,TCP,192.168.1.33:80,142.44.198.191:21980,144.0,0,192.168.1.33,80.0,142.44.198.191,21980.0,1,0,1,1
2024-11-22,19:39:25.855,TCP,192.168.1.33:443,142.44.198.191:59432,144.0,0,192.168.1.33,443.0,142.44.198.191,59432.0,1,0,1,1
2024-11-22,19:39:21.503,TCP,192.168.1.33:443,142.44.198.191:5508,144.0,0,192.168.1.33,443.0,142.44.198.191,5508.0,1,0,1,1
2024-11-22,19:40:00.543,TCP,192.168.1.33:443,142.44.198.191:61828,120.0,0,192.168.1.33,443.0,142.44.198.191,61828.0,1,0,1,1
2024-11-22,19:39:17.074,TCP,192.168.1.33:443,142.44.198.191:31924,144.0,0,192.168.1.33,443.0,142.44.198.191,31924.0,1,0,1,1
2024-11-22,19:39:02.302,TCP,192.168.1.33:443,142.44.198.191:6839,144.0,0,192.168.1.33,443.0,142.44.198.191,6839.0,1,0,1,1
2024-11-22,19:39:54.872,TCP,192.168.1.33:443,142.44.198.191:32209,144.0,0,192.168.1.33,443.0,142.44.198.191,32209.0,1,0,1,1
2024-11-22,19:39:23.433,TCP,192.168.1.33:443,142.44.198.191:737,144.0,0,192.168.1.33,443.0,142.44.198.191,737.0,1,0,1,1
2024-11-22,19:40:28.938,TCP,192.168.1.33:80,119.188.247.204:53296,48.0,0,192.168.1.33,80.0,119.188.247.204,53296.0,1,0,1,1
2024-11-22,19:39:37.899,TCP,192.168.1.33:45132,75.2.123.205:443,60.0,0,192.168.1.33,45132.0,75.2.123.205,443.0,1,0,1,1
2024-11-22,19:39:26.110,TCP,192.168.1.33:80,119.188.245.211:24635,144.0,0,192.168.1.33,80.0,119.188.245.211,24635.0,1,0,1,1
2024-11-22,19:39:26.100,TCP,192.168.1.33:80,119.188.245.213:24635,144.0,0,192.168.1.33,80.0,119.188.245.213,24635.0,1,0,1,1
2024-11-22,19:39:26.424,TCP,192.168.1.33:80,119.188.245.217:24635,144.0,0,192.168.1.33,80.0,119.188.245.217,24635.0,1,0,1,1
2024-11-22,19:39:26.485,TCP,192.168.1.33:80,119.188.245.218:24635,144.0,0,192.168.1.33,80.0,119.188.245.218,24635.0,1,0,1,1
2024-11-22,19:39:25.504,TCP,192.168.1.33:80,119.188.245.222:56173,144.0,0,192.168.1.33,80.0,119.188.245.222,56173.0,1,0,1,1
2024-11-22,19:39:25.584,TCP,192.168.1.33:80,119.188.240.230:56173,144.0,0,192.168.1.33,80.0,119.188.240.230,56173.0,1,0,1,1
2024-11-22,19:40:28.839,TCP,192.168.1.33:80,119.188.247.231:53296,48.0,0,192.168.1.33,80.0,119.188.247.231,53296.0,1,0,1,1
2024-11-22,19:40:29.126,TCP,192.168.1.33:80,119.188.247.232:32796,48.0,0,192.168.1.33,80.0,119.188.247.232,32796.0,1,0,1,1
2024-11-22,19:39:25.608,TCP,192.168.1.33:80,119.188.240.237:56173,144.0,0,192.168.1.33,80.0,119.188.240.237,56173.0,1,0,1,1
2024-11-22,19:40:29.609,TCP,192.168.1.33:80,119.188.247.237:32796,24.0,0,192.168.1.33,80.0,119.188.247.237,32796.0,1,0,1,1
2024-11-22,19:40:27.762,TCP,192.168.1.33:80,119.188.247.241:28381,48.0,0,192.168.1.33,80.0,119.188.247.241,28381.0,1,0,1,1
2024-11-22,19:39:25.978,TCP,192.168.1.33:80,119.188.240.250:24635,144.0,0,192.168.1.33,80.0,119.188.240.250,24635.0,1,0,1,1
2024-11-22,19:39:37.914,TCP,192.168.1.33:52844,99.83.172.252:443,10632.0,0,192.168.1.33,52844.0,99.83.172.252,443.0,1,0,1,1
2024-11-22,19:39:03.975,TCP,192.168.1.33:48798,99.83.172.252:443,36611.0,0,192.168.1.33,48798.0,99.83.172.252,443.0,1,0,1,1
2024-11-22,19:39:04.907,TCP,192.168.1.33:55016,99.83.172.252:443,8738.0,0,192.168.1.33,55016.0,99.83.172.252,443.0,1,0,1,1
2024-11-22,19:39:03.940,TCP,192.168.1.33:60394,99.83.172.252:443,14487.0,0,192.168.1.33,60394.0,99.83.172.252,443.0,1,0,1,1
2024-11-22,19:39:26.097,TCP,192.168.1.33:80,119.188.240.252:24635,144.0,0,192.168.1.33,80.0,119.188.240.252,24635.0,1,0,1,1
2024-11-22,19:40:28.634,TCP,119.188.246.33:53296,192.168.1.33:80,24.0,0,119.188.246.33,53296.0,192.168.1.33,80.0,0,1,1,1
2024-11-22,19:39:31.348,UDP,192.168.1.39:5353,224.0.0.251:5353,11768.0,0,192.168.1.39,5353.0,224.0.0.251,5353.0,1,0,2,1
2024-11-22,19:39:08.305,TCP,192.168.1.49:5044,192.168.1.33:43534,388.0,0,192.168.1.49,5044.0,192.168.1.33,43534.0,1,1,1,1
2024-11-22,19:40:29.832,TCP,119.188.246.60:32796,192.168.1.33:80,24.0,0,119.188.246.60,32796.0,192.168.1.33,80.0,0,1,1,1
2024-11-22,19:40:29.173,TCP,119.188.246.72:32796,192.168.1.33:80,24.0,0,119.188.246.72,32796.0,192.168.1.33,80.0,0,1,1,1
2024-11-22,19:39:26.722,TCP,119.188.240.74:24635,192.168.1.33:80,24.0,0,119.188.240.74,24635.0,192.168.1.33,80.0,0,1,1,1
2024-11-22,19:40:29.488,TCP,119.188.247.74:32796,192.168.1.33:80,24.0,0,119.188.247.74,32796.0,192.168.1.33,80.0,0,1,1,1
2024-11-22,19:39:27.021,TCP,119.188.245.80:10527,192.168.1.33:80,24.0,0,119.188.245.80,10527.0,192.168.1.33,80.0,0,1,1,1
2024-11-22,19:39:26.435,TCP,119.188.245.86:24635,192.168.1.33:80,24.0,0,119.188.245.86,24635.0,192.168.1.33,80.0,0,1,1,1
2024-11-22,19:39:03.401,TCP,73.103.84.90:58184,192.168.1.33:443,6137.0,0,73.103.84.90,58184.0,192.168.1.33,443.0,0,1,1,1
2024-11-22,19:39:33.398,TCP,73.103.84.90:58193,192.168.1.33:443,969.0,0,73.103.84.90,58193.0,192.168.1.33,443.0,0,1,1,1
2024-11-22,19:40:28.933,TCP,119.188.247.103:53296,192.168.1.33:80,24.0,0,119.188.247.103,53296.0,192.168.1.33,80.0,0,1,1,1
2024-11-22,19:40:28.832,TCP,119.188.247.128:53296,192.168.1.33:80,24.0,0,119.188.247.128,53296.0,192.168.1.33,80.0,0,1,1,1
2024-11-22,19:39:26.522,TCP,119.188.240.129:24635,192.168.1.33:80,24.0,0,119.188.240.129,24635.0,192.168.1.33,80.0,0,1,1,1
2024-11-22,19:40:28.281,TCP,119.188.246.133:53296,192.168.1.33:80,24.0,0,119.188.246.133,53296.0,192.168.1.33,80.0,0,1,1,1
2024-11-22,19:40:27.904,TCP,119.188.247.142:28381,192.168.1.33:80,24.0,0,119.188.247.142,28381.0,192.168.1.33,80.0,0,1,1,1
2024-11-22,19:39:06.730,TCP,52.232.75.158:53,192.168.1.33:80,72.0,0,52.232.75.158,53.0,192.168.1.33,80.0,0,1,1,1
2024-11-22,19:39:19.389,TCP,84.239.16.162:47406,192.168.1.33:25565,302.0,0,84.239.16.162,47406.0,192.168.1.33,25565.0,0,1,1,1
2024-11-22,19:39:05.662,TCP,176.124.204.168:61000,192.168.1.33:25565,112.0,0,176.124.204.168,61000.0,192.168.1.33,25565.0,0,1,1,1
2024-11-22,19:39:58.762,TCP,89.187.183.178:4954,192.168.1.33:443,4887.0,0,89.187.183.178,4954.0,192.168.1.33,443.0,0,1,1,1
2024-11-22,19:40:02.824,TCP,89.187.183.178:4960,192.168.1.33:443,1332.0,0,89.187.183.178,4960.0,192.168.1.33,443.0,0,1,1,1
2024-11-22,19:40:02.831,TCP,89.187.183.178:4966,192.168.1.33:443,3282.0,0,89.187.183.178,4966.0,192.168.1.33,443.0,0,1,1,1
2024-11-22,19:40:02.884,TCP,89.187.183.178:4968,192.168.1.33:443,13880.0,0,89.187.183.178,4968.0,192.168.1.33,443.0,0,1,1,1
2024-11-22,19:40:02.893,TCP,89.187.183.178:4984,192.168.1.33:443,1674.0,0,89.187.183.178,4984.0,192.168.1.33,443.0,0,1,1,1
2024-11-22,19:40:02.897,TCP,89.187.183.178:4998,192.168.1.33:443,7187.0,0,89.187.183.178,4998.0,192.168.1.33,443.0,0,1,1,1
2024-11-22,19:40:02.904,TCP,89.187.183.178:5012,192.168.1.33:443,19088.0,0,89.187.183.178,5012.0,192.168.1.33,443.0,0,1,1,1
2024-11-22,19:40:02.913,TCP,89.187.183.178:5028,192.168.1.33:443,1637.0,0,89.187.183.178,5028.0,192.168.1.33,443.0,0,1,1,1
2024-11-22,19:40:02.917,TCP,89.187.183.178:5040,192.168.1.33:443,1646.0,0,89.187.183.178,5040.0,192.168.1.33,443.0,0,1,1,1
2024-11-22,19:40:03.414,TCP,89.187.183.178:5046,192.168.1.33:443,14805.0,0,89.187.183.178,5046.0,192.168.1.33,443.0,0,1,1,1
2024-11-22,19:39:46.935,TCP,89.187.183.178:19706,192.168.1.33:443,16566.0,0,89.187.183.178,19706.0,192.168.1.33,443.0,0,1,1,1
2024-11-22,19:39:26.788,TCP,119.188.245.179:24635,192.168.1.33:80,24.0,0,119.188.245.179,24635.0,192.168.1.33,80.0,0,1,1,1
2024-11-22,19:40:28.286,TCP,119.188.247.190:53296,192.168.1.33:80,24.0,0,119.188.247.190,53296.0,192.168.1.33,80.0,0,1,1,1
2024-11-22,19:40:05.999,TCP,142.44.198.191:61471,192.168.1.33:80,24.0,0,142.44.198.191,61471.0,192.168.1.33,80.0,0,1,1,1
2024-11-22,19:39:25.855,TCP,142.44.198.191:59432,192.168.1.33:443,24.0,0,142.44.198.191,59432.0,192.168.1.33,443.0,0,1,1,1
2024-11-22,19:39:58.640,TCP,142.44.198.191:54337,192.168.1.33:80,24.0,0,142.44.198.191,54337.0,192.168.1.33,80.0,0,1,1,1
2024-11-22,19:40:15.650,TCP,142.44.198.191:32873,192.168.1.33:80,24.0,0,142.44.198.191,32873.0,192.168.1.33,80.0,0,1,1,1
2024-11-22,19:39:28.899,TCP,142.44.198.191:11385,192.168.1.33:80,24.0,0,142.44.198.191,11385.0,192.168.1.33,80.0,0,1,1,1
2024-11-22,19:39:21.503,TCP,142.44.198.191:5508,192.168.1.33:443,24.0,0,142.44.198.191,5508.0,192.168.1.33,443.0,0,1,1,1
2024-11-22,19:40:00.543,TCP,142.44.198.191:61828,192.168.1.33:443,24.0,0,142.44.198.191,61828.0,192.168.1.33,443.0,0,1,1,1
2024-11-22,19:39:54.872,TCP,142.44.198.191:32209,192.168.1.33:443,24.0,0,142.44.198.191,32209.0,192.168.1.33,443.0,0,1,1,1
2024-11-22,19:39:23.433,TCP,142.44.198.191:737,192.168.1.33:443,24.0,0,142.44.198.191,737.0,192.168.1.33,443.0,0,1,1,1
2024-11-22,19:40:28.938,TCP,119.188.247.204:53296,192.168.1.33:80,24.0,0,119.188.247.204,53296.0,192.168.1.33,80.0,0,1,1,1
2024-11-22,19:39:37.920,TCP,75.2.123.205:443,192.168.1.33:45132,40.0,0,75.2.123.205,443.0,192.168.1.33,45132.0,0,1,1,1
2024-11-22,19:39:26.110,TCP,119.188.245.211:24635,192.168.1.33:80,24.0,0,119.188.245.211,24635.0,192.168.1.33,80.0,0,1,1,1
2024-11-22,19:39:26.100,TCP,119.188.245.213:24635,192.168.1.33:80,24.0,0,119.188.245.213,24635.0,192.168.1.33,80.0,0,1,1,1
2024-11-22,19:39:26.424,TCP,119.188.245.217:24635,192.168.1.33:80,24.0,0,119.188.245.217,24635.0,192.168.1.33,80.0,0,1,1,1
2024-11-22,19:39:26.485,TCP,119.188.245.218:24635,192.168.1.33:80,24.0,0,119.188.245.218,24635.0,192.168.1.33,80.0,0,1,1,1
2024-11-22,19:39:25.504,TCP,119.188.245.222:56173,192.168.1.33:80,24.0,0,119.188.245.222,56173.0,192.168.1.33,80.0,0,1,1,1
2024-11-22,19:39:25.584,TCP,119.188.240.230:56173,192.168.1.33:80,24.0,0,119.188.240.230,56173.0,192.168.1.33,80.0,0,1,1,1
2024-11-22,19:40:28.839,TCP,119.188.247.231:53296,192.168.1.33:80,24.0,0,119.188.247.231,53296.0,192.168.1.33,80.0,0,1,1,1
2024-11-22,19:40:29.126,TCP,119.188.247.232:32796,192.168.1.33:80,24.0,0,119.188.247.232,32796.0,192.168.1.33,80.0,0,1,1,1
2024-11-22,19:39:25.608,TCP,119.188.240.237:56173,192.168.1.33:80,24.0,0,119.188.240.237,56173.0,192.168.1.33,80.0,0,1,1,1
2024-11-22,19:40:29.609,TCP,119.188.247.237:32796,192.168.1.33:80,24.0,0,119.188.247.237,32796.0,192.168.1.33,80.0,0,1,1,1
2024-11-22,19:40:27.762,TCP,119.188.247.241:28381,192.168.1.33:80,24.0,0,119.188.247.241,28381.0,192.168.1.33,80.0,0,1,1,1
2024-11-22,19:39:25.978,TCP,119.188.240.250:24635,192.168.1.33:80,24.0,0,119.188.240.250,24635.0,192.168.1.33,80.0,0,1,1,1
2024-11-22,19:39:37.936,TCP,99.83.172.252:443,192.168.1.33:52844,8457.0,0,99.83.172.252,443.0,192.168.1.33,52844.0,0,1,1,1
2024-11-22,19:39:03.995,TCP,99.83.172.252:443,192.168.1.33:48798,10646.0,0,99.83.172.252,443.0,192.168.1.33,48798.0,0,1,1,1
2024-11-22,19:39:04.929,TCP,99.83.172.252:443,192.168.1.33:55016,1569.0,0,99.83.172.252,443.0,192.168.1.33,55016.0,0,1,1,1
2024-11-22,19:39:26.097,TCP,119.188.240.252:24635,192.168.1.33:80,24.0,0,119.188.240.252,24635.0,192.168.1.33,80.0,0,1,1,1
2024-11-22,19:39:03.945,UDP,192.168.1.33:60430,192.168.1.1:53,67.0,0,192.168.1.33,60430.0,192.168.1.1,53.0,1,1,2,1
2024-11-22,19:39:03.969,UDP,192.168.1.1:53,192.168.1.33:60430,99.0,0,192.168.1.1,53.0,192.168.1.33,60430.0,1,1,2,1
2024-11-22,19:39:03.969,UDP,192.168.1.33:55176,192.168.1.1:53,67.0,0,192.168.1.33,55176.0,192.168.1.1,53.0,1,1,2,1
2024-11-22,19:39:03.975,UDP,192.168.1.1:53,192.168.1.33:55176,154.0,0,192.168.1.1,53.0,192.168.1.33,55176.0,1,1,2,1
2024-11-22,19:39:37.892,UDP,192.168.1.33:57684,192.168.1.1:53,67.0,0,192.168.1.33,57684.0,192.168.1.1,53.0,1,1,2,1
2024-11-22,19:39:37.899,UDP,192.168.1.1:53,192.168.1.33:57684,154.0,0,192.168.1.1,53.0,192.168.1.33,57684.0,1,1,2,1
2024-11-22,19:39:37.907,UDP,192.168.1.33:34171,192.168.1.1:53,67.0,0,192.168.1.33,34171.0,192.168.1.1,53.0,1,1,2,1
2024-11-22,19:39:37.914,UDP,192.168.1.1:53,192.168.1.33:34171,154.0,0,192.168.1.1,53.0,192.168.1.33,34171.0,1,1,2,1
2024-11-22,19:38:59.497,TCP,192.168.1.33:36916,75.2.123.205:443,64.0,0,192.168.1.33,36916.0,75.2.123.205,443.0,1,0,1,1
2024-11-22,19:38:59.497,TCP,75.2.123.205:443,192.168.1.33:36916,95.0,0,75.2.123.205,443.0,192.168.1.33,36916.0,0,1,1,1
